{
    "model": "/home/3160499/diffusion-llms/diffusion-llms/checkpoints/diffugpt-eospad/model.ckpt",
    "1": {
        "accuracy": 0.35911426233178284,
        "recall": 0.0001228141221688898,
        "precision": 0.085,
        "f1": 0.00024523950274335044
    },
    "2": {
        "accuracy": 0.3123980936900056,
        "recall": 0.10015872547637754,
        "precision": 0.45,
        "f1": 0.14651021648358867
    },
    "3": {
        "accuracy": 0.5434918802419091,
        "recall": 0.43740207805300463,
        "precision": 0.73,
        "f1": 0.5055450811961485
    }
}