{"train/rmse":219.9505615234375,"epoch":0,"trainer/global_step":69,"_timestamp":1.7472390263569238e+09,"_runtime":29.108285545,"_wandb":{"runtime":50},"_step":6,"train/loss":0.046137094497680664}