{"test/MAE_tokens":82.60560607910156,"train/R2_tokens_epoch":-Infinity,"_timestamp":1.7473314161430814e+09,"val/MAE_tokens":83.38494110107422,"val/RMSE_tokens":106.2547378540039,"train/MAE_tokens_epoch":3.621872637837312e+15,"epoch":1,"train/RMSE_tokens_epoch":Infinity,"test/RMSE_tokens":104.09260559082031,"_step":89,"train/loss_log_MSE":0.33392781019210815,"trainer/global_step":847,"train/MAE_tokens_step":65.18104553222656,"val/loss_log_MSE":0.4752157926559448,"test/loss_log_MSE":0.5118327736854553,"_wandb":{"runtime":1392},"_runtime":1377.363134502,"train/RMSE_tokens_step":79.64322662353516,"test/R2_tokens":0.06579543650150299,"val/R2_tokens":0.10475758463144302,"train/R2_tokens_step":0.07921648025512695}