{"val/RMSE_tokens":108.6954116821289,"train/R2_tokens_epoch":-Infinity,"val/R2_tokens":0.04956287890672684,"train/MAE_tokens_epoch":1.9975416152326144e+16,"_timestamp":1.7473295024176843e+09,"test/R2_tokens":0.028314786031842232,"train/R2_tokens_step":-0.6352963447570801,"train/loss_log_MSE":0.5603652000427246,"epoch":1,"test/RMSE_tokens":105.84930419921875,"val/MAE_tokens":84.09089660644531,"_runtime":1495.970562005,"train/RMSE_tokens_step":142.04820251464844,"_step":89,"test/MAE_tokens":82.75342559814453,"train/RMSE_tokens_epoch":Infinity,"train/MAE_tokens_step":110.83260345458984,"test/loss_log_MSE":0.49367526173591614,"_wandb":{"runtime":1512},"trainer/global_step":847,"val/loss_log_MSE":0.47638067603111267}