{
    "lambada": 0.19833106928003105,
    "hellaswag": 0.3150766779525991,
    "wino": 0.4964483030781373,
    "piqa": 0.5701849836779108,
    "siqa": 0.37717502558853633,
    "infilling": [
        7.380312655161209,
        0.3844929089882314,
        6.820871815012164
    ],
    "trivia": 0.02312164857464385,
    "model": "diffugpt",
    "pipeline": "diffusion",
    "iters": "Infinity"
},
{
    "model": "diffugpt",
    "1": {
        "accuracy": 0.3492505377663819,
        "recall": 0.0,
        "precision": 0.0,
        "f1": 0.0
    },
    "2": {
        "accuracy": 0.2158795809739553,
        "recall": 1.937984496124031e-05,
        "precision": 0.01,
        "f1": 3.868471953578336e-05
    },
    "3": {
        "accuracy": 0.11063506694790202,
        "recall": 7.127811264501912e-05,
        "precision": 0.03,
        "f1": 0.00014221797171819285
    },
    "4": {
        "accuracy": 0.02021576647627808,
        "recall": 0.00020386837258363347,
        "precision": 0.03,
        "f1": 0.0004042604239858785
    }
}