{
    "lambada": 0.1782178217821782,
    "hellaswag": 0.3,
    "wino": 0.51,
    "piqa": 0.51,
    "siqa": 0.35,
    "infilling": [
        5.156165019541175,
        0.0,
        4.815180318014026
    ],
    "trivia": 0.04044444444444444,
    "model": "/home/brimax/repos/diffusion-llms/diffusion-llms/checkpoints/diffugpt-eoseos/model.ckpt",
    "pipeline": "diffusion",
    "iters": 100
}
{
    "model": "/home/3160499/diffusion-llms/diffusion-llms/checkpoints/diffugpt-eoseos/model.ckpt",
    "1": {
        "accuracy": 0.40127167153455834,
        "recall": 0.09700399138614961,
        "precision": 0.77,
        "f1": 0.15772299097895534
    },
    "2": {
        "accuracy": 0.3796548757439623,
        "recall": 0.22573398160198063,
        "precision": 0.9465617245083152,
        "f1": 0.341956717511274
    },
    "3": {
        "accuracy": 0.43826776608959256,
        "recall": 0.3570512981095109,
        "precision": 0.9751515151515151,
        "f1": 0.48557514853363254
    },
    "4": {
        "accuracy": 0.6685262001005132,
        "recall": 0.662451241458471,
        "precision": 0.9960294117647058,
        "f1": 0.7471633003902926
    }
}