{"val/auc":0.9740941524505615,"trainer/global_step":2541,"_runtime":3398.252408779,"_step":266,"train/acc":0.90618896484375,"epoch":3,"test/acc":0.902171790599823,"test/loss":0.08928799629211426,"train/loss":0.06653610616922379,"_timestamp":1.7473393878360634e+09,"val/loss":0.09210239350795746,"_wandb":{"runtime":3414},"val/acc":0.9054064750671387}