{"trainer/global_step":99,"_timestamp":1.747327836677379e+09,"train/MAE_tokens_step":16465.935546875,"train/R2_tokens_step":-86582.734375,"val/RMSE_tokens":164588.671875,"_wandb":{"runtime":202},"_step":10,"epoch":0,"train/loss_log_MSE":12.35966682434082,"val/R2_tokens":-5.150728e+06,"train/RMSE_tokens_step":33458.05078125,"_runtime":182.447617382,"val/loss_log_MSE":28.08095359802246,"val/MAE_tokens":77364.6328125}