{"trainer/global_step":199,"_timestamp":1.7472389124600976e+09,"_runtime":102.483911501,"_step":19,"train/loss":0.07906229048967361,"train/rmse":287.9284973144531,"_wandb":{"runtime":155},"epoch":0}