,Model,Below,Above,Exact,Below_avg,Above_avg,MSE
0,bert_reg,2104,2872,22,-72.77804182509506,71.15564066852367,8405.897959183674
1,bert_clas,901,4086,11,-69.55382907880133,158.49021047479198,33794.69327731092
2,random,1399,3596,3,-130.17726947819872,264.13070077864296,77275.97639055623
3,mean_193.0,2413,2572,13,-99.68876916701201,93.10342146189736,13218.602841136455
4,min_2,4980,0,18,-191.9086345381526,,49782.68287314926
5,max_699,0,4997,1,,505.8837302381429,269034.50600240094
