,Model,Below,Above,Exact,Below_avg,Above_avg,MSE
0,logit_75,6,4992,0,-173.66666666666666,510.04907852564105,270726.7316926771
1,logit_25,2032,2952,14,-115.65452755905511,117.33028455284553,19999.48119247699
2,bert_reg,2104,2872,22,-72.77804182509506,71.15564066852367,8405.897959183674
3,logit_50,132,4866,0,-104.62878787878788,292.82429099876697,96442.2693077231
4,bert_clas,901,4086,11,-69.55382907880133,158.49021047479198,33794.69327731092
5,random,1381,3613,4,-130.70311368573496,263.23221699418764,77343.17707082833
6,mean_193.0,2413,2572,13,-99.68876916701201,93.10342146189736,13218.602841136455
7,min_2,4980,0,18,-191.9086345381526,,49782.68287314926
8,max_699,0,4997,1,,505.8837302381429,269034.50600240094
