,Model,Below,Above,Exact,Below_avgAbove_avg,Above_avg,Below_avg
0,bert_reg,2104,2872,22,,71.15564066852367,-72.77804182509506
1,bert_clas,901,4086,11,,158.49021047479198,-69.55382907880133
