,Model,Below,Above,Exact,Below_avg,Above_avg,MSE
0,logit_75,833,4163,2,-194.77671068427372,683.3492673552727,462621.7138855542
1,logit_25,2850,2142,6,-213.95228070175438,547.4883286647993,211130.7531012405
2,bert_reg,2104,2872,22,-72.77804182509506,71.15564066852367,8405.897959183674
3,logit_50,1720,3272,6,-213.21395348837208,613.9633251833741,334960.3697478992
4,bert_clas,901,4086,11,-69.55382907880133,158.49021047479198,33794.69327731092
5,random,1428,3565,5,-127.88655462184875,265.47517531556804,76840.28551420568
6,mean_193.0,2413,2572,13,-99.68876916701201,93.10342146189736,13218.602841136455
7,min_2,4980,0,18,-191.9086345381526,,49782.68287314926
8,max_699,0,4997,1,,505.8837302381429,269034.50600240094
