{"model": "/home/3160499/diffusion-llms/diffusion-llms/checkpoints/diffugpt-eoseos/model.ckpt", "1": {"accuracy": 0.3997509738814922, "recall": 0.1037641951614336, "precision": 0.799120786424202, "f1": 0.16526986361550758}, "2": {"accuracy": 0.3753029430205113, "recall": 0.21532491223283912, "precision": 0.9192857142857143, "f1": 0.32637979495371494}, "3": {"accuracy": 0.4145339836845235, "recall": 0.3520537908671902, "precision": 0.9971929824561403, "f1": 0.4860065528858608}}