{"model": "diffugpt", "1": {"accuracy": 0.3527178224694129, "recall": 0.0, "precision": 0.0, "f1": 0.0}, "2": {"accuracy": 0.20857598606540947, "recall": 0.0, "precision": 0.0, "f1": 0.0}, "3": {"accuracy": 0.10175592066298077, "recall": 0.0, "precision": 0.0, "f1": 0.0}}