{
    "lambada": 0.15841584158415842,
    "hellaswag": 0.26,
    "wino": 0.53,
    "piqa": 0.47,
    "siqa": 0.34,
    "infilling": [
        7.589873593450119,
        0.25,
        7.407820213468351
    ],
    "trivia": 0.01620289855072464,
    "model": "/home/brimax/repos/diffusion-llms/diffusion-llms/checkpoints/diffugpt-eospad/model.ckpt",
    "pipeline": "diffusion",
    "iters": 100
}
{
    "model": "/home/3160499/diffusion-llms/diffusion-llms/checkpoints/diffugpt-eospad/model.ckpt",
    "1": {
        "accuracy": 0.3532782834908667,
        "recall": 2.4526389553051284e-05,
        "precision": 0.02,
        "f1": 4.899269459820289e-05
    },
    "2": {
        "accuracy": 0.3284929070415808,
        "recall": 0.11682289884327761,
        "precision": 0.51,
        "f1": 0.16729642234953976
    },
    "3": {
        "accuracy": 0.5879988894312542,
        "recall": 0.4787519227621992,
        "precision": 0.71,
        "f1": 0.5375140491422006
    },
    "4": {
        "accuracy": 0.6680270139192095,
        "recall": 0.6452445675011308,
        "precision": 0.95,
        "f1": 0.6995736162003945
    }
}