{"epoch":0,"trainer/global_step":49,"_timestamp":1.7472330307802322e+09,"_runtime":23.09415344,"_step":4,"_wandb":{"runtime":42},"train/loss":0.21862512826919556,"train/acc":0.87255859375}