{"epoch":0,"trainer/global_step":39,"_timestamp":1.7472387683837588e+09,"_runtime":18.571367389,"_wandb":{"runtime":36},"_step":3,"train/loss":1.2475814819335938,"train/acc":0.8125}